{
	"$schema": "https://schemas.wp.org/trunk/theme.json",
	"version": 3,
	"settings": {		
		"spacing": {
			"blockGap": true,
			"margin": true,
			"padding": true
		},
		"appearanceTools": true,
		"color": {
			"custom": true,
			"defaultPalette": false			
		}
	},
	"styles": {
		"spacing": {
			"blockGap": "0px"
		}
	},
	"templateParts": [
		{
			"area": "header",
			"name": "header",
			"title": "Header"
		},
		{
			"area": "footer",
			"name": "footer",
			"title": "Footer"
		},
		{
			"area": "uncategorized",
			"name": "comments",
			"title": "Comments"
		}
	]
}